{"cameraMode":{"drawMode":0,"name":"Shaded","section":"Shading Mode"},"sceneLighting":true,"audioPlay":false,"sceneViewState":{"m_AlwaysRefresh":false,"showFog":true,"showSkybox":true,"showFlares":true,"showImageEffects":true,"showParticleSystems":true,"showVisualEffectGraphs":true,"m_FxEnabled":true},"in2DMode":false,"pivot":{"x":-16.506223678588868,"y":-25.64647674560547,"z":-88.84115600585938},"rotation":{"x":0.013508560135960579,"y":-0.9644269943237305,"z":0.2594577372074127,"w":0.049781639128923419},"size":109.02862548828125,"orthographic":false}